principio_activo;nombre_comercial;existe_en_España;comercializado_actualmente;observaciones
celecoxib;Celebrex;sí;sí;Nombre comercial y principio activo concordantes.
dexketoprofeno;Enantyum;sí;sí;Nombre comercial y principio activo concordantes.
diclofenaco;Voltaren;sí;sí;Nombre comercial y principio activo concordantes.
etoricoxib;Arcoxia;sí;sí;Nombre comercial y principio activo concordantes.
ibuprofeno;Dalsy;sí;sí;Nombre comercial y principio activo concordantes.
ibuprofeno;Espidifen;sí;sí;Nombre comercial y principio activo concordantes.
ibuprofeno;Neobrufen;sí;sí;Nombre comercial y principio activo concordantes.
ketorolaco;Droal;sí;no lo sé;Nombre comercial y principio activo concordantes. no comercializado (CIMA manual 2026-09-30)
ketorolaco;Toradol;sí;sí;"La marca existe con ketorolaco, pero la presentación CIMA es solución inyectable; no es vía oral."
naproxeno;Antalgin;sí;sí;Nombre comercial y principio activo concordantes.
naproxeno;Naprosyn;sí;no lo sé;Nombre comercial y principio activo concordantes.
metamizol;Nolotil;sí;sí;Nombre comercial y principio activo concordantes.
paracetamol;Efferalgan;sí;sí;Nombre comercial y principio activo concordantes.
paracetamol;Gelocatil;sí;sí;Nombre comercial y principio activo concordantes.
paracetamol;Termalgin;sí;sí;Nombre comercial y principio activo concordantes.
acido_acetilsalicilico;Adiro;sí;sí;Nombre comercial y principio activo concordantes.
acido_acetilsalicilico;Tromalyt;sí;sí;Nombre comercial y principio activo concordantes.
cangrelor;Kengrexal;sí;sí;"La marca existe con cangrelor, pero es polvo para solución inyectable/perfusión; no es vía oral."
cilostazol;Pletal;sí;no lo sé;Nombre comercial y principio activo concordantes.
clopidogrel;Iscover;sí;sí;Nombre comercial y principio activo concordantes.
clopidogrel;Plavix;sí;sí;Nombre comercial y principio activo concordantes.
dipiridamol;Persantin;sí;no lo sé;Nombre comercial y principio activo concordantes.
eptifibatida;Integrilin;sí;sí;"La marca existe con eptifibatida, pero es solución inyectable; no es vía oral."
prasugrel;Efient;sí;sí;Nombre comercial y principio activo concordantes.
ticagrelor;Brilique;sí;sí;Nombre comercial y principio activo concordantes.
tirofiban;Aggrastat;sí;sí;"La marca existe con tirofibán, pero las presentaciones son para perfusión intravenosa; no es vía oral."
triflusal;Disgren;sí;sí;Nombre comercial y principio activo concordantes.
acenocumarol;Sintrom;sí;sí;Nombre comercial y principio activo concordantes.
apixaban;Eliquis;sí;sí;Nombre comercial y principio activo concordantes.
bemiparina;Hibor;sí;sí;Nombre comercial y principio activo concordantes.
dabigatran;Pradaxa;sí;sí;Nombre comercial y principio activo concordantes.
dalteparina;Fragmin;sí;sí;Nombre comercial y principio activo concordantes.
edoxaban;Lixiana;sí;sí;Nombre comercial y principio activo concordantes.
enoxaparina;Clexane;sí;sí;Nombre comercial y principio activo concordantes.
enoxaparina;Inhixa;sí;sí;Nombre comercial y principio activo concordantes.
fondaparinux;Arixtra;sí;sí;Nombre comercial y principio activo concordantes.
nadroparina;Fraxiparina;sí;sí;Nombre comercial y principio activo concordantes.
rivaroxaban;Xarelto;sí;sí;Nombre comercial y principio activo concordantes.
tinzaparina;Innohep;sí;sí;Nombre comercial y principio activo concordantes.
warfarina;Aldocumar;sí;sí;Nombre comercial y principio activo concordantes.
alogliptina;Vipidia;sí;sí;Nombre comercial y principio activo concordantes.
canagliflozina;Invokana;sí;sí;Nombre comercial y principio activo concordantes.
dapagliflozina;Forxiga;sí;sí;Nombre comercial y principio activo concordantes.
dapagliflozina+metformina;Xigduo;sí;sí;Nombre comercial y principio activo concordantes.
dapagliflozina+saxagliptina;Qtern;sí;sí;Nombre comercial y principio activo concordantes.
empagliflozina;Jardiance;sí;sí;Nombre comercial y principio activo concordantes.
empagliflozina+linagliptina;Glyxambi;sí;sí;Nombre comercial y principio activo concordantes.
empagliflozina+metformina;Synjardy;sí;sí;Nombre comercial y principio activo concordantes.
empagliflozina+metformina+linagliptina;Trijardy;sí;sí;Nombre comercial y principio activo concordantes.
ertugliflozina;Steglatro;sí;sí;Nombre comercial y principio activo concordantes.
glibenclamida;Daonil;sí;sí;Nombre comercial y principio activo concordantes.
gliclazida;Diamicron;sí;sí;Nombre comercial y principio activo concordantes.
glimepirida;Amaryl;sí;sí;Nombre comercial y principio activo concordantes.
glipizida;Minodiab;sí;no lo sé;Nombre comercial y principio activo concordantes.
linagliptina;Trajenta;sí;sí;Nombre comercial y principio activo concordantes.
linagliptina+metformina;Jentadueto;sí;sí;Nombre comercial y principio activo concordantes.
metformina;Dianben;sí;sí;Nombre comercial y principio activo concordantes.
nateglinida;Starlix;sí;sí;Nombre comercial y principio activo concordantes.
pioglitazona;Actos;sí;sí;Nombre comercial y principio activo concordantes.
repaglinida;Novonorm;sí;sí;Nombre comercial y principio activo concordantes.
saxagliptina;Onglyza;sí;sí;Nombre comercial y principio activo concordantes.
sitagliptina;Januvia;sí;sí;Nombre comercial y principio activo concordantes.
sitagliptina;Tesavel;sí;sí;Nombre comercial y principio activo concordantes.
sitagliptina;Xelevia;sí;sí;Nombre comercial y principio activo concordantes.
sitagliptina+metformina;Efficib;sí;sí;Nombre comercial y principio activo concordantes.
sitagliptina+metformina;Janumet;sí;sí;Nombre comercial y principio activo concordantes.
sitagliptina+metformina;Velmetia;sí;sí;Nombre comercial y principio activo concordantes.
vildagliptina;Galvus;sí;sí;Nombre comercial y principio activo concordantes.
vildagliptina;Jalra;sí;sí;Nombre comercial y principio activo concordantes.
vildagliptina+metformina;Eucreas;sí;sí;Nombre comercial y principio activo concordantes.
vildagliptina+metformina;Icandra;sí;sí;Nombre comercial y principio activo concordantes.
amiodarona;Trangorex;sí;sí;Nombre comercial y principio activo concordantes.
amlodipino;Norvas;sí;sí;Nombre comercial y principio activo concordantes.
atenolol;Tenormin;sí;no lo sé;Nombre comercial y principio activo concordantes.
atorvastatina;Cardyl;sí;sí;Nombre comercial y principio activo concordantes.
atorvastatina;Zarator;sí;sí;Nombre comercial y principio activo concordantes.
bisoprolol;Emconcor;sí;sí;Nombre comercial y principio activo concordantes.
candesartan;Atacand;sí;sí;Nombre comercial y principio activo concordantes.
candesartan;Parapres;sí;sí;Nombre comercial y principio activo concordantes.
candesartan+hidroclorotiazida;Atacand Plus;sí;sí;Nombre comercial y principio activo concordantes.
candesartan+hidroclorotiazida;Parapres Plus;sí;sí;Nombre comercial y principio activo concordantes.
captopril;Capoten;sí;sí;Nombre comercial y principio activo concordantes.
carvedilol;Coropres;sí;sí;Nombre comercial y principio activo concordantes.
diltiazem;Masdil;sí;sí;Nombre comercial y principio activo concordantes.
enalapril;Eupressin;sí;no lo sé;Nombre comercial y principio activo concordantes. no comercializado (CIMA manual 2026-09-30)
enalapril;Renitec;sí;sí;Nombre comercial y principio activo concordantes.
eplerenona;Elecor;sí;sí;Nombre comercial y principio activo concordantes.
espironolactona;Aldactone;sí;sí;Nombre comercial y principio activo concordantes.
furosemida;Seguril;sí;sí;Nombre comercial y principio activo concordantes.
hidroclorotiazida;Esidrex;sí;sí;Nombre comercial y principio activo concordantes.
irbesartan;Aprovel;sí;sí;Nombre comercial y principio activo concordantes.
irbesartan;Karvea;sí;sí;Nombre comercial y principio activo concordantes.
lisinopril;Prinivil;sí;no lo sé;Nombre comercial y principio activo concordantes.
lisinopril;Zestril;sí;sí;Nombre comercial y principio activo concordantes.
losartan;Cozaar;sí;sí;Nombre comercial y principio activo concordantes.
metoprolol;Beloken;sí;no lo sé;Nombre comercial y principio activo concordantes.
nebivolol;Lobivon;sí;sí;Nombre comercial y principio activo concordantes.
olmesartan;Ixia;sí;sí;Nombre comercial y principio activo concordantes.
olmesartan;Olmetec;sí;sí;Nombre comercial y principio activo concordantes.
olmesartan;Openvas;sí;sí;Nombre comercial y principio activo concordantes.
olmesartan+amlodipino;Sevikar;sí;sí;Nombre comercial y principio activo concordantes.
perindopril;Coversyl;sí;sí;Nombre comercial y principio activo concordantes.
perindopril+amlodipino;Viacoram;sí;sí;Nombre comercial y principio activo concordantes.
ramipril;Acovil;sí;sí;Nombre comercial y principio activo concordantes.
rosuvastatina;Crestor;sí;sí;Nombre comercial y principio activo concordantes.
sacubitrilo+valsartan;Entresto;sí;sí;Nombre comercial y principio activo concordantes.
simvastatina;Zocor;sí;sí;Nombre comercial y principio activo concordantes.
telmisartan;Micardis;sí;sí;Nombre comercial y principio activo concordantes.
telmisartan;Pritor;sí;sí;Nombre comercial y principio activo concordantes.
torasemida;Sutril;sí;sí;Nombre comercial y principio activo concordantes.
valsartan;Diovan;sí;sí;Nombre comercial y principio activo concordantes.
verapamilo;Manidon;sí;sí;Nombre comercial y principio activo concordantes.
esomeprazol;Axiago;sí;sí;Nombre comercial y principio activo concordantes.
esomeprazol;Nexium;sí;sí;Nombre comercial y principio activo concordantes.
lansoprazol;Opiren;sí;sí;Nombre comercial y principio activo concordantes.
rabeprazol;Pariet;sí;sí;Nombre comercial y principio activo concordantes.
dulaglutida;Trulicity;sí;sí;Nombre comercial y principio activo concordantes.
exenatida;Bydureon;sí;no lo sé;Nombre comercial y principio activo concordantes.
exenatida;Byetta;sí;sí;Nombre comercial y principio activo concordantes.
liraglutida;Saxenda;sí;sí;Nombre comercial y principio activo concordantes.
liraglutida;Victoza;sí;sí;Nombre comercial y principio activo concordantes.
lixisenatida;Lyxumia;sí;no lo sé;"La marca existe con lixisenatida, pero es solución inyectable; no es vía oral."
semaglutida;Ozempic;sí;sí;Nombre comercial y principio activo concordantes.
semaglutida;Rybelsus;sí;sí;Nombre comercial y principio activo concordantes.
semaglutida;Wegovy;sí;sí;Nombre comercial y principio activo concordantes.
tirzepatida;Mounjaro;sí;sí;"La marca existe con tirzepatida, pero es solución inyectable; no es vía oral."
sulodexida;Aterina;sí;sí;Nombre comercial y principio activo concordantes.
ferroglicina_sulfato;Ferbisol;sí;sí;Nombre comercial y principio activo concordantes.
hierro_carboximaltosa;Ferinject;sí;sí;Nombre comercial y principio activo concordantes.
hierro_sacarosa;Venofer;sí;sí;Nombre comercial y principio activo concordantes.
sulfato_ferroso;Fero-Gradumet;sí;sí;Nombre comercial y principio activo concordantes.
sulfato_ferroso;Tardyferon;sí;sí;Nombre comercial y principio activo concordantes.
alopurinol;Zyloric;sí;sí;Nombre comercial y principio activo concordantes.
anticonceptivo_hormonal_combinado;anticonceptivos hormonales combinados;no;no;"No es un nombre comercial; es una descripción genérica del grupo de medicamentos."
calcifediol;Hidroferol;sí;sí;Nombre comercial y principio activo concordantes.
colecalciferol;Deltius;sí;sí;Nombre comercial y principio activo concordantes.
colecalciferol;Thorens;sí;sí;Nombre comercial y principio activo concordantes.
hidrocortisona;Hidroaltesona;sí;sí;Nombre comercial y principio activo concordantes.
levotiroxina;Eutirox;sí;sí;Nombre comercial y principio activo concordantes.
levotiroxina;Levothroid;sí;no lo sé;Nombre comercial y principio activo concordantes. no comercializado (CIMA manual 2026-09-30)
metilprednisolona;Urbason;sí;sí;Nombre comercial y principio activo concordantes.
prednisona;Dacortin;sí;sí;Nombre comercial y principio activo concordantes.
abatacept;Orencia;sí;sí;Nombre comercial y principio activo concordantes.
adalimumab;Amgevita;sí;sí;Nombre comercial y principio activo concordantes.
adalimumab;Hulio;sí;sí;Nombre comercial y principio activo concordantes.
adalimumab;Humira;sí;sí;Nombre comercial y principio activo concordantes.
adalimumab;Hyrimoz;sí;sí;Nombre comercial y principio activo concordantes.
adalimumab;Idacio;sí;sí;Nombre comercial y principio activo concordantes.
adalimumab;Imraldi;sí;sí;Nombre comercial y principio activo concordantes.
adalimumab;Yuflyma;sí;sí;Nombre comercial y principio activo concordantes.
azatioprina;Imurel;sí;sí;Nombre comercial y principio activo concordantes.
baricitinib;Olumiant;sí;sí;Nombre comercial y principio activo concordantes.
certolizumab;Cimzia;sí;sí;Nombre comercial y principio activo concordantes.
ciclosporina;Sandimmun Neoral;sí;no lo sé;Nombre comercial y principio activo concordantes.
etanercept;Benepali;sí;sí;Nombre comercial y principio activo concordantes.
etanercept;Enbrel;sí;sí;Nombre comercial y principio activo concordantes.
etanercept;Erelzi;sí;sí;Nombre comercial y principio activo concordantes.
golimumab;Simponi;sí;sí;Nombre comercial y principio activo concordantes.
hidroxicloroquina;Dolquine;sí;sí;Nombre comercial y principio activo concordantes.
infliximab;Inflectra;sí;sí;Nombre comercial y principio activo concordantes.
infliximab;Remicade;sí;sí;Nombre comercial y principio activo concordantes.
infliximab;Remsima;sí;sí;Nombre comercial y principio activo concordantes.
leflunomida;Arava;sí;sí;Nombre comercial y principio activo concordantes.
metotrexato;Bertanel;sí;sí;"La marca corresponde a metotrexato; la presentación es parenteral, no oral."
metotrexato;Imeth;sí;sí;"La marca corresponde a metotrexato; la presentación es parenteral, no oral."
metotrexato;Metoject;sí;sí;"La marca existe con metotrexato, pero las presentaciones verificadas son inyectables (jeringa/pluma); no es vía oral."
metotrexato;Nordimet;sí;sí;"La marca existe con metotrexato, pero la presentación es solución inyectable en pluma precargada; no es vía oral."
micofenolato;CellCept;sí;sí;Nombre comercial y principio activo concordantes.
micofenolato;Myfortic;sí;sí;Nombre comercial y principio activo concordantes.
rituximab;MabThera;sí;sí;Nombre comercial y principio activo concordantes.
rituximab;Rixathon;sí;sí;Nombre comercial y principio activo concordantes.
rituximab;Truxima;sí;sí;Nombre comercial y principio activo concordantes.
secukinumab;Cosentyx;sí;sí;Nombre comercial y principio activo concordantes.
sulfasalazina;Salazopyrina;sí;sí;Nombre comercial y principio activo concordantes.
tacrolimus;Advagraf;sí;sí;Nombre comercial y principio activo concordantes.
tacrolimus;Envarsus;sí;sí;Nombre comercial y principio activo concordantes.
tacrolimus;Prograf;sí;sí;Nombre comercial y principio activo concordantes.
tocilizumab;RoActemra;sí;sí;Nombre comercial y principio activo concordantes.
tofacitinib;Xeljanz;sí;sí;Nombre comercial y principio activo concordantes.
upadacitinib;Rinvoq;sí;sí;Nombre comercial y principio activo concordantes.
ustekinumab;Stelara;sí;sí;Nombre comercial y principio activo concordantes.
insulina_aspart;Fiasp;sí;sí;Nombre comercial y principio activo concordantes.
insulina_aspart;NovoMix 30;sí;sí;Nombre comercial y principio activo concordantes.
insulina_aspart;NovoRapid;sí;sí;Nombre comercial y principio activo concordantes.
insulina_degludec;Tresiba;sí;sí;Nombre comercial y principio activo concordantes.
insulina_degludec+insulina_aspart;Ryzodeg;sí;sí;Nombre comercial y principio activo concordantes.
insulina_degludec+liraglutida;Xultophy;sí;sí;Nombre comercial y principio activo concordantes.
insulina_detemir;Levemir;sí;sí;Nombre comercial y principio activo concordantes.
insulina_glargina;Abasaglar;sí;sí;Nombre comercial y principio activo concordantes.
insulina_glargina;Lantus;sí;sí;Nombre comercial y principio activo concordantes.
insulina_glargina;Toujeo;sí;sí;Nombre comercial y principio activo concordantes.
insulina_glargina+lixisenatida;Suliqua;sí;sí;Nombre comercial y principio activo concordantes.
insulina_glulisina;Apidra;sí;sí;Nombre comercial y principio activo concordantes.
insulina_lispro;Humalog;sí;sí;Nombre comercial y principio activo concordantes.
insulina_lispro;Humalog Mix 25;sí;sí;Nombre comercial y principio activo concordantes.
insulina_lispro;Humalog Mix 50;sí;sí;Nombre comercial y principio activo concordantes.
insulina_nph;Humulina NPH;sí;sí;Nombre comercial y principio activo concordantes.
insulina_nph;Insulatard;sí;sí;Nombre comercial y principio activo concordantes.
insulina_regular;Actrapid;sí;sí;Nombre comercial y principio activo concordantes.
insulina_regular;Humulina Regular;sí;sí;Nombre comercial y principio activo concordantes.
acido_valproico;Depakine;sí;sí;Nombre comercial y principio activo concordantes.
brivaracetam;Briviact;sí;sí;Nombre comercial y principio activo concordantes.
carbamazepina;Tegretol;sí;sí;Nombre comercial y principio activo concordantes.
eslicarbazepina;Zebinix;sí;sí;Nombre comercial y principio activo concordantes.
fenitoina;Neosidantoina;sí;sí;Nombre comercial y principio activo concordantes.
gabapentina;Neurontin;sí;sí;Nombre comercial y principio activo concordantes.
lacosamida;Vimpat;sí;sí;Nombre comercial y principio activo concordantes.
lamotrigina;Labileno;sí;sí;Nombre comercial y principio activo concordantes.
lamotrigina;Lamictal;sí;sí;Nombre comercial y principio activo concordantes.
levetiracetam;Keppra;sí;sí;Nombre comercial y principio activo concordantes.
oxcarbazepina;Trileptal;sí;sí;Nombre comercial y principio activo concordantes.
perampanel;Fycompa;sí;sí;Nombre comercial y principio activo concordantes.
pregabalina;Lyrica;sí;sí;Nombre comercial y principio activo concordantes.
topiramato;Topamax;sí;sí;Nombre comercial y principio activo concordantes.
zonisamida;Zonegran;sí;sí;Nombre comercial y principio activo concordantes.
acetazolamida;Edemox;sí;sí;Nombre comercial y principio activo concordantes.
bimatoprost;Lumigan;sí;sí;Nombre comercial y principio activo concordantes.
brimonidina;Alphagan;sí;sí;Nombre comercial y principio activo concordantes.
brinzolamida;Azopt;sí;sí;Nombre comercial y principio activo concordantes.
dorzolamida;Trusopt;sí;sí;Nombre comercial y principio activo concordantes.
latanoprost;Xalatan;sí;sí;Nombre comercial y principio activo concordantes.
timolol;Timoftol;sí;sí;Nombre comercial y principio activo concordantes.
travoprost;Travatan;sí;sí;Nombre comercial y principio activo concordantes.
aflibercept;Eylea;sí;sí;"La marca existe con aflibercept, pero es solución inyectable para uso intravítreo; no es vía oral."
aflibercept;Zaltrap;sí;no lo sé;"La marca existe con aflibercept, pero es concentrado para solución para perfusión intravenosa; no es vía oral."
bevacizumab;Avastin;sí;sí;Nombre comercial y principio activo concordantes.
bevacizumab;Mvasi;sí;sí;Nombre comercial y principio activo concordantes.
bevacizumab;Zirabev;sí;sí;Nombre comercial y principio activo concordantes.
cetuximab;Erbitux;sí;sí;"La marca existe con cetuximab, pero es solución para perfusión intravenosa; no es vía oral."
dasatinib;Sprycel;sí;sí;Nombre comercial y principio activo concordantes.
erlotinib;Tarceva;sí;sí;Nombre comercial y principio activo concordantes.
imatinib;Glivec;sí;sí;Nombre comercial y principio activo concordantes.
nilotinib;Tasigna;sí;sí;Nombre comercial y principio activo concordantes.
ramucirumab;Cyramza;sí;sí;Nombre comercial y principio activo concordantes.
sorafenib;Nexavar;sí;sí;Nombre comercial y principio activo concordantes.
sunitinib;Sutent;sí;sí;Nombre comercial y principio activo concordantes.
buprenorfina;Feliben;sí;sí;"La marca existe con buprenorfina, pero es parche transdérmico; no es vía oral."
buprenorfina;Suboxone;sí;sí;"La marca existe con buprenorfina (en combinación con naloxona) y es para administración sublingual/bucal; no es una presentación oral convencional."
buprenorfina;Transtec;sí;sí;"La marca existe con buprenorfina, pero es parche transdérmico; no es vía oral."
fentanilo;Durogesic;sí;sí;Nombre comercial y principio activo concordantes.
hidromorfona;Jurnista;sí;sí;Nombre comercial y principio activo concordantes.
morfina;MST Continus;sí;sí;Nombre comercial y principio activo concordantes.
morfina;Sevredol;sí;sí;Nombre comercial y principio activo concordantes.
oxicodona;Oxycontin;sí;sí;Nombre comercial y principio activo concordantes.
oxicodona;Oxynorm;sí;sí;Nombre comercial y principio activo concordantes.
oxicodona;Targin;sí;sí;Nombre comercial y principio activo concordantes.
tapentadol;Palexia;sí;sí;Nombre comercial y principio activo concordantes.
tramadol;Adolonta;sí;sí;Nombre comercial y principio activo concordantes.
tramadol;Zaldiar;sí;sí;Nombre comercial y principio activo concordantes.
alprazolam;Trankimazin;sí;sí;Nombre comercial y principio activo concordantes.
amitriptilina;Tryptizol;sí;sí;Nombre comercial y principio activo concordantes.
aripiprazol;Abilify;sí;sí;Nombre comercial y principio activo concordantes.
bromazepam;Lexatin;sí;sí;Nombre comercial y principio activo concordantes.
bupropion;Elontril;sí;sí;Nombre comercial y principio activo concordantes.
citalopram;Seropram;sí;sí;Nombre comercial y principio activo concordantes.
clomipramina;Anafranil;sí;sí;Nombre comercial y principio activo concordantes.
clonazepam;Rivotril;sí;sí;Nombre comercial y principio activo concordantes.
clorazepato;Tranxilium;sí;sí;Nombre comercial y principio activo concordantes.
clotiapina;Etumina;sí;sí;Nombre comercial y principio activo concordantes.
clozapina;Leponex;sí;sí;Nombre comercial y principio activo concordantes.
desvenlafaxina;Pristiq;sí;sí;Nombre comercial y principio activo concordantes.
diazepam;Valium;sí;sí;Nombre comercial y principio activo concordantes.
duloxetina;Cymbalta;sí;sí;Nombre comercial y principio activo concordantes.
duloxetina;Xeristar;sí;sí;Nombre comercial y principio activo concordantes.
escitalopram;Cipralex;sí;sí;Nombre comercial y principio activo concordantes.
escitalopram;Esertia;sí;sí;Nombre comercial y principio activo concordantes.
fluoxetina;Adofen;sí;sí;Nombre comercial y principio activo concordantes.
fluoxetina;Prozac;sí;sí;Nombre comercial y principio activo concordantes.
fluvoxamina;Dumirox;sí;sí;Nombre comercial y principio activo concordantes.
levodopa+carbidopa;Sinemet;sí;sí;Nombre comercial y principio activo concordantes.
litio;Plenur;sí;sí;Nombre comercial y principio activo concordantes.
lorazepam;Idalprem;sí;sí;Nombre comercial y principio activo concordantes.
lorazepam;Orfidal;sí;sí;Nombre comercial y principio activo concordantes.
lormetazepam;Noctamid;sí;sí;Nombre comercial y principio activo concordantes.
mirtazapina;Rexer;sí;sí;Nombre comercial y principio activo concordantes.
moclobemida;Manerix;sí;sí;Nombre comercial y principio activo concordantes.
nortriptilina;Paxtibi;sí;sí;Nombre comercial y principio activo concordantes.
olanzapina;Zyprexa;sí;sí;Nombre comercial y principio activo concordantes.
paliperidona;Invega;sí;sí;Nombre comercial y principio activo concordantes.
paliperidona;Xeplion;sí;sí;Nombre comercial y principio activo concordantes.
paroxetina;Motivan;sí;sí;Nombre comercial y principio activo concordantes.
paroxetina;Seroxat;sí;sí;Nombre comercial y principio activo concordantes.
quetiapina;Seroquel;sí;sí;Nombre comercial y principio activo concordantes.
rasagilina;Azilect;sí;sí;Nombre comercial y principio activo concordantes.
risperidona;Risperdal;sí;sí;Nombre comercial y principio activo concordantes.
safinamida;Xadago;sí;sí;Nombre comercial y principio activo concordantes.
selegilina;Plurimen;sí;sí;Nombre comercial y principio activo concordantes.
sertralina;Besitran;sí;sí;Nombre comercial y principio activo concordantes.
tranilcipromina;Parnate;sí;sí;Nombre comercial y principio activo concordantes.
trazodona;Deprax;sí;sí;Nombre comercial y principio activo concordantes.
venlafaxina;Dobupal;sí;sí;Nombre comercial y principio activo concordantes.
venlafaxina;Vandral;sí;sí;Nombre comercial y principio activo concordantes.
vortioxetina;Brintellix;sí;sí;Nombre comercial y principio activo concordantes.
zolpidem;Dalparan;sí;sí;Nombre comercial y principio activo concordantes.
zolpidem;Stilnox;sí;sí;Nombre comercial y principio activo concordantes.
zopiclona;Limovan;sí;sí;Nombre comercial y principio activo concordantes.
aclidinio;Eklira;sí;sí;Nombre comercial y principio activo concordantes.
aclidinio+formoterol;Duaklir;sí;sí;Nombre comercial y principio activo concordantes.
beclometasona;Becloasma;sí;sí;Nombre comercial y principio activo concordantes.
beclometasona+formoterol;Formodual;sí;sí;Nombre comercial y principio activo concordantes.
beclometasona+formoterol;Foster;sí;sí;Nombre comercial y principio activo concordantes.
beclometasona+formoterol+glicopirronio;Trimbow;sí;sí;Nombre comercial y principio activo concordantes.
budesonida;Pulmicort;sí;sí;Nombre comercial y principio activo concordantes.
budesonida+formoterol;Rilast;sí;sí;Nombre comercial y principio activo concordantes.
budesonida+formoterol;Symbicort;sí;sí;Nombre comercial y principio activo concordantes.
fluticasona;Flixotide;sí;sí;Nombre comercial y principio activo concordantes.
fluticasona;Flusonal;sí;sí;Nombre comercial y principio activo concordantes.
fluticasona_furoato+umeclidinio+vilanterol;Trelegy;sí;sí;Nombre comercial y principio activo concordantes.
fluticasona_furoato+vilanterol;Relvar;sí;sí;Nombre comercial y principio activo concordantes.
fluticasona+salmeterol;Anasma;sí;sí;Nombre comercial y principio activo concordantes.
fluticasona+salmeterol;Inaladuo;sí;sí;Nombre comercial y principio activo concordantes.
fluticasona+salmeterol;Plusvent;sí;sí;Nombre comercial y principio activo concordantes.
fluticasona+salmeterol;Seretide;sí;sí;Nombre comercial y principio activo concordantes.
formoterol;Foradil;sí;sí;Nombre comercial y principio activo concordantes.
formoterol;Oxis;sí;sí;Nombre comercial y principio activo concordantes.
glicopirronio;Seebri;sí;sí;Nombre comercial y principio activo concordantes.
glicopirronio+indacaterol;Ultibro;sí;sí;Nombre comercial y principio activo concordantes.
indacaterol;Onbrez;sí;sí;Nombre comercial y principio activo concordantes.
ipratropio;Atrovent;sí;sí;Nombre comercial y principio activo concordantes.
montelukast;Singulair;sí;sí;Nombre comercial y principio activo concordantes.
salbutamol;Buto-Asma;sí;sí;Nombre comercial y principio activo concordantes.
salbutamol;Ventolin;sí;sí;Nombre comercial y principio activo concordantes.
salmeterol;Beglan;sí;sí;Nombre comercial y principio activo concordantes.
salmeterol;Inaspir;sí;sí;Nombre comercial y principio activo concordantes.
salmeterol;Serevent;sí;sí;Nombre comercial y principio activo concordantes.
terbutalina;Terbasmin;sí;sí;Nombre comercial y principio activo concordantes.
tiotropio;Spiriva;sí;sí;Nombre comercial y principio activo concordantes.
tiotropio+olodaterol;Spiolto;sí;sí;Nombre comercial y principio activo concordantes.
umeclidinio;Incruse;sí;sí;Nombre comercial y principio activo concordantes.
umeclidinio+vilanterol;Anoro;sí;sí;Nombre comercial y principio activo concordantes.
alfuzosina;Benestan;sí;sí;Nombre comercial y principio activo concordantes.
doxazosina;Carduran;sí;sí;Nombre comercial y principio activo concordantes.
silodosina;Silodyx;sí;sí;Nombre comercial y principio activo concordantes.
silodosina;Urorec;sí;sí;Nombre comercial y principio activo concordantes.
tamsulosina;Omnic;sí;sí;Nombre comercial y principio activo concordantes.
tamsulosina;Urolosin;sí;sí;Nombre comercial y principio activo concordantes.
