principio_activo;nombre_comercial;grupo;via;id_farmaco
celecoxib;Celebrex;aine;oral;celecoxib
dexketoprofeno;Enantyum;aine;oral;dexketoprofeno
diclofenaco;Voltaren;aine;oral;diclofenaco
etoricoxib;Arcoxia;aine;oral;etoricoxib
ibuprofeno;Dalsy;aine;oral;ibuprofeno
ibuprofeno;Espidifen;aine;oral;ibuprofeno
ibuprofeno;Neobrufen;aine;oral;ibuprofeno
ketorolaco;Droal;aine;oral;ketorolaco
ketorolaco;Toradol;aine;oral;ketorolaco
naproxeno;Antalgin;aine;oral;naproxeno
naproxeno;Naprosyn;aine;oral;naproxeno
metamizol;Nolotil;analgesicos;oral;metamizol
paracetamol;Efferalgan;analgesicos;oral;paracetamol
paracetamol;Gelocatil;analgesicos;oral;paracetamol
paracetamol;Termalgin;analgesicos;oral;paracetamol
acido_acetilsalicilico;Adiro;antiagregantes;oral;aas
acido_acetilsalicilico;Tromalyt;antiagregantes;oral;aas
cangrelor;Kengrexal;antiagregantes;oral;cangrelor
cilostazol;Pletal;antiagregantes;oral;cilostazol
clopidogrel;Iscover;antiagregantes;oral;clopidogrel
clopidogrel;Plavix;antiagregantes;oral;clopidogrel
dipiridamol;Persantin;antiagregantes;oral;dipiridamol
eptifibatida;Integrilin;antiagregantes;oral;eptifibatida
prasugrel;Efient;antiagregantes;oral;prasugrel
ticagrelor;Brilique;antiagregantes;oral;ticagrelor
tirofiban;Aggrastat;antiagregantes;oral;tirofiban
triflusal;Disgren;antiagregantes;oral;triflusal
acenocumarol;Sintrom;anticoagulantes;oral;acenocumarol
apixaban;Eliquis;anticoagulantes;oral;apixaban
bemiparina;Hibor;anticoagulantes;no_oral;bemiparina
dabigatran;Pradaxa;anticoagulantes;oral;dabigatran
dalteparina;Fragmin;anticoagulantes;no_oral;dalteparina
edoxaban;Lixiana;anticoagulantes;oral;edoxaban
enoxaparina;Clexane;anticoagulantes;no_oral;enoxaparina
enoxaparina;Inhixa;anticoagulantes;no_oral;enoxaparina
fondaparinux;Arixtra;anticoagulantes;no_oral;fondaparinux
nadroparina;Fraxiparina;anticoagulantes;no_oral;nadroparina
rivaroxaban;Xarelto;anticoagulantes;oral;rivaroxaban
tinzaparina;Innohep;anticoagulantes;no_oral;tinzaparina
warfarina;Aldocumar;anticoagulantes;oral;warfarina
alogliptina;Vipidia;antidiabeticos;oral;alogliptina
canagliflozina;Invokana;antidiabeticos;oral;canagliflozina
dapagliflozina;Forxiga;antidiabeticos;oral;dapagliflozina
dapagliflozina+metformina;Xigduo;antidiabeticos;oral;dapagliflozina_metformina
dapagliflozina+saxagliptina;Qtern;antidiabeticos;oral;dapagliflozina_saxagliptina
empagliflozina;Jardiance;antidiabeticos;oral;empagliflozina
empagliflozina+linagliptina;Glyxambi;antidiabeticos;oral;empagliflozina_linagliptina
empagliflozina+metformina;Synjardy;antidiabeticos;oral;empagliflozina_metformina
empagliflozina+metformina+linagliptina;Trijardy;antidiabeticos;oral;empagliflozina_metformina_linagliptina
ertugliflozina;Steglatro;antidiabeticos;oral;ertugliflozina
glibenclamida;Daonil;antidiabeticos;oral;glibenclamida
gliclazida;Diamicron;antidiabeticos;oral;gliclazida
glimepirida;Amaryl;antidiabeticos;oral;glimepirida
glipizida;Minodiab;antidiabeticos;oral;glipizida
linagliptina;Trajenta;antidiabeticos;oral;linagliptina
linagliptina+metformina;Jentadueto;antidiabeticos;oral;linagliptina_metformina
metformina;Dianben;antidiabeticos;oral;metformina
nateglinida;Starlix;antidiabeticos;oral;nateglinida
pioglitazona;Actos;antidiabeticos;oral;pioglitazona
repaglinida;Novonorm;antidiabeticos;oral;repaglinida
saxagliptina;Onglyza;antidiabeticos;oral;saxagliptina
sitagliptina;Januvia;antidiabeticos;oral;sitagliptina
sitagliptina;Tesavel;antidiabeticos;oral;sitagliptina
sitagliptina;Xelevia;antidiabeticos;oral;sitagliptina
sitagliptina+metformina;Efficib;antidiabeticos;oral;sitagliptina_metformina
sitagliptina+metformina;Janumet;antidiabeticos;oral;sitagliptina_metformina
sitagliptina+metformina;Velmetia;antidiabeticos;oral;sitagliptina_metformina
vildagliptina;Galvus;antidiabeticos;oral;vildagliptina
vildagliptina;Jalra;antidiabeticos;oral;vildagliptina
vildagliptina+metformina;Eucreas;antidiabeticos;oral;vildagliptina_metformina
vildagliptina+metformina;Icandra;antidiabeticos;oral;vildagliptina_metformina
amiodarona;Trangorex;cardiovascular;oral;amiodarona
amlodipino;Norvas;cardiovascular;oral;amlodipino
atenolol;Tenormin;cardiovascular;oral;atenolol
atorvastatina;Cardyl;cardiovascular;oral;atorvastatina
atorvastatina;Zarator;cardiovascular;oral;atorvastatina
bisoprolol;Emconcor;cardiovascular;oral;bisoprolol
candesartan;Atacand;cardiovascular;oral;candesartan
candesartan;Parapres;cardiovascular;oral;candesartan
candesartan+hidroclorotiazida;Atacand Plus;cardiovascular;oral;candesartan_hidroclorotiazida
candesartan+hidroclorotiazida;Parapres Plus;cardiovascular;oral;candesartan_hidroclorotiazida
captopril;Capoten;cardiovascular;oral;captopril
carvedilol;Coropres;cardiovascular;oral;carvedilol
diltiazem;Masdil;cardiovascular;oral;diltiazem
enalapril;Eupressin;cardiovascular;oral;enalapril
enalapril;Renitec;cardiovascular;oral;enalapril
eplerenona;Elecor;cardiovascular;oral;eplerenona
espironolactona;Aldactone;cardiovascular;oral;espironolactona
furosemida;Seguril;cardiovascular;oral;furosemida
hidroclorotiazida;Esidrex;cardiovascular;oral;hidroclorotiazida
irbesartan;Aprovel;cardiovascular;oral;irbesartan
irbesartan;Karvea;cardiovascular;oral;irbesartan
lisinopril;Prinivil;cardiovascular;oral;lisinopril
lisinopril;Zestril;cardiovascular;oral;lisinopril
losartan;Cozaar;cardiovascular;oral;losartan
metoprolol;Beloken;cardiovascular;oral;metoprolol
nebivolol;Lobivon;cardiovascular;oral;nebivolol
olmesartan;Ixia;cardiovascular;oral;olmesartan
olmesartan;Olmetec;cardiovascular;oral;olmesartan
olmesartan;Openvas;cardiovascular;oral;olmesartan
olmesartan+amlodipino;Sevikar;cardiovascular;oral;olmesartan_amlodipino
perindopril;Coversyl;cardiovascular;oral;perindopril
perindopril+amlodipino;Viacoram;cardiovascular;oral;perindopril_amlodipino
ramipril;Acovil;cardiovascular;oral;ramipril
rosuvastatina;Crestor;cardiovascular;oral;rosuvastatina
sacubitrilo+valsartan;Entresto;cardiovascular;oral;sacubitrilo_valsartan
simvastatina;Zocor;cardiovascular;oral;simvastatina
telmisartan;Micardis;cardiovascular;oral;telmisartan
telmisartan;Pritor;cardiovascular;oral;telmisartan
torasemida;Sutril;cardiovascular;oral;torasemida
valsartan;Diovan;cardiovascular;oral;valsartan
verapamilo;Manidon;cardiovascular;oral;verapamilo
esomeprazol;Axiago;digestivo;oral;esomeprazol
esomeprazol;Nexium;digestivo;oral;esomeprazol
lansoprazol;Opiren;digestivo;oral;lansoprazol
rabeprazol;Pariet;digestivo;oral;rabeprazol
dulaglutida;Trulicity;glp1;no_oral;dulaglutida
exenatida;Bydureon;glp1;no_oral;exenatida
exenatida;Byetta;glp1;no_oral;exenatida
liraglutida;Saxenda;glp1;no_oral;liraglutida
liraglutida;Victoza;glp1;no_oral;liraglutida
lixisenatida;Lyxumia;glp1;oral;lixisenatida
semaglutida;Ozempic;glp1;no_oral;semaglutida_sem
semaglutida;Rybelsus;glp1;oral;semaglutida_oral
semaglutida;Wegovy;glp1;no_oral;semaglutida_sem
tirzepatida;Mounjaro;glp1;oral;tirzepatida
sulodexida;Aterina;glucosaminoglucanos;oral;sulodexida
ferroglicina_sulfato;Ferbisol;hematologia;oral;ferroglicina_sulfato
hierro_carboximaltosa;Ferinject;hematologia;no_oral;hierro_carboximaltosa
hierro_sacarosa;Venofer;hematologia;no_oral;hierro_sacarosa
sulfato_ferroso;Fero-Gradumet;hematologia;oral;sulfato_ferroso
sulfato_ferroso;Tardyferon;hematologia;oral;sulfato_ferroso
alopurinol;Zyloric;hormonas;oral;alopurinol
anticonceptivo_hormonal_combinado;anticonceptivos hormonales combinados;hormonas;oral;anticonceptivos_combinados
calcifediol;Hidroferol;hormonas;oral;calcifediol
colecalciferol;Deltius;hormonas;oral;colecalciferol
colecalciferol;Thorens;hormonas;oral;colecalciferol
hidrocortisona;Hidroaltesona;hormonas;oral;hidrocortisona
levotiroxina;Eutirox;hormonas;oral;levotiroxina
levotiroxina;Levothroid;hormonas;oral;levotiroxina
metilprednisolona;Urbason;hormonas;oral;metilprednisolona
prednisona;Dacortin;hormonas;oral;prednisona
abatacept;Orencia;inmunosupresores;no_oral;abatacept
adalimumab;Amgevita;inmunosupresores;no_oral;adalimumab
adalimumab;Hulio;inmunosupresores;no_oral;adalimumab
adalimumab;Humira;inmunosupresores;no_oral;adalimumab
adalimumab;Hyrimoz;inmunosupresores;no_oral;adalimumab
adalimumab;Idacio;inmunosupresores;no_oral;adalimumab
adalimumab;Imraldi;inmunosupresores;no_oral;adalimumab
adalimumab;Yuflyma;inmunosupresores;no_oral;adalimumab
azatioprina;Imurel;inmunosupresores;oral;azatioprina
baricitinib;Olumiant;inmunosupresores;oral;baricitinib
certolizumab;Cimzia;inmunosupresores;no_oral;certolizumab
ciclosporina;Sandimmun Neoral;inmunosupresores;oral;ciclosporina
etanercept;Benepali;inmunosupresores;no_oral;etanercept
etanercept;Enbrel;inmunosupresores;no_oral;etanercept
etanercept;Erelzi;inmunosupresores;no_oral;etanercept
golimumab;Simponi;inmunosupresores;no_oral;golimumab
hidroxicloroquina;Dolquine;inmunosupresores;oral;hidroxicloroquina
infliximab;Inflectra;inmunosupresores;no_oral;infliximab
infliximab;Remicade;inmunosupresores;no_oral;infliximab
infliximab;Remsima;inmunosupresores;no_oral;infliximab
leflunomida;Arava;inmunosupresores;oral;leflunomida
metotrexato;Bertanel;inmunosupresores;oral;metotrexato
metotrexato;Imeth;inmunosupresores;oral;metotrexato
metotrexato;Metoject;inmunosupresores;oral;metotrexato
metotrexato;Nordimet;inmunosupresores;oral;metotrexato
micofenolato;CellCept;inmunosupresores;oral;micofenolato
micofenolato;Myfortic;inmunosupresores;oral;micofenolato
rituximab;MabThera;inmunosupresores;no_oral;rituximab
rituximab;Rixathon;inmunosupresores;no_oral;rituximab
rituximab;Truxima;inmunosupresores;no_oral;rituximab
secukinumab;Cosentyx;inmunosupresores;no_oral;secukinumab
sulfasalazina;Salazopyrina;inmunosupresores;oral;sulfasalazina
tacrolimus;Advagraf;inmunosupresores;oral;tacrolimus
tacrolimus;Envarsus;inmunosupresores;oral;tacrolimus
tacrolimus;Prograf;inmunosupresores;oral;tacrolimus
tocilizumab;RoActemra;inmunosupresores;no_oral;tocilizumab
tofacitinib;Xeljanz;inmunosupresores;oral;tofacitinib
upadacitinib;Rinvoq;inmunosupresores;oral;upadacitinib
ustekinumab;Stelara;inmunosupresores;no_oral;ustekinumab
insulina_aspart;Fiasp;insulinas;no_oral;insulina_aspart
insulina_aspart;NovoMix 30;insulinas;no_oral;insulina_novomix30
insulina_aspart;NovoRapid;insulinas;no_oral;insulina_aspart
insulina_degludec;Tresiba;insulinas;no_oral;insulina_degludec
insulina_degludec+insulina_aspart;Ryzodeg;insulinas;no_oral;insulina_degludec_aspart
insulina_degludec+liraglutida;Xultophy;insulinas;no_oral;insulina_degludec_liraglutida
insulina_detemir;Levemir;insulinas;no_oral;insulina_detemir
insulina_glargina;Abasaglar;insulinas;no_oral;insulina_glargina
insulina_glargina;Lantus;insulinas;no_oral;insulina_glargina
insulina_glargina;Toujeo;insulinas;no_oral;insulina_glargina
insulina_glargina+lixisenatida;Suliqua;insulinas;no_oral;insulina_glargina_lixisenatida
insulina_glulisina;Apidra;insulinas;no_oral;insulina_glulisina
insulina_lispro;Humalog;insulinas;no_oral;insulina_lispro
insulina_lispro;Humalog Mix 25;insulinas;no_oral;insulina_humalogmix25
insulina_lispro;Humalog Mix 50;insulinas;no_oral;insulina_humalogmix50
insulina_nph;Humulina NPH;insulinas;no_oral;insulina_nph
insulina_nph;Insulatard;insulinas;no_oral;insulina_nph
insulina_regular;Actrapid;insulinas;no_oral;insulina_regular
insulina_regular;Humulina Regular;insulinas;no_oral;insulina_regular
acido_valproico;Depakine;neurologia;oral;acido_valproico
brivaracetam;Briviact;neurologia;oral;brivaracetam
carbamazepina;Tegretol;neurologia;oral;carbamazepina
eslicarbazepina;Zebinix;neurologia;oral;eslicarbazepina
fenitoina;Neosidantoina;neurologia;oral;fenitoina
gabapentina;Neurontin;neurologia;oral;gabapentina
lacosamida;Vimpat;neurologia;oral;lacosamida
lamotrigina;Labileno;neurologia;oral;lamotrigina
lamotrigina;Lamictal;neurologia;oral;lamotrigina
levetiracetam;Keppra;neurologia;oral;levetiracetam
oxcarbazepina;Trileptal;neurologia;oral;oxcarbazepina
perampanel;Fycompa;neurologia;oral;perampanel
pregabalina;Lyrica;neurologia;oral;pregabalina
topiramato;Topamax;neurologia;oral;topiramato
zonisamida;Zonegran;neurologia;oral;zonisamida
acetazolamida;Edemox;oftalmologia;oral;acetazolamida
bimatoprost;Lumigan;oftalmologia;no_oral;bimatoprost
brimonidina;Alphagan;oftalmologia;no_oral;brimonidina
brinzolamida;Azopt;oftalmologia;no_oral;brinzolamida
dorzolamida;Trusopt;oftalmologia;no_oral;dorzolamida
latanoprost;Xalatan;oftalmologia;no_oral;latanoprost
timolol;Timoftol;oftalmologia;no_oral;timolol_colirio
travoprost;Travatan;oftalmologia;no_oral;travoprost
aflibercept;Eylea;oncologicos;no_oral;aflibercept_intravitreo
aflibercept;Zaltrap;oncologicos;no_oral;aflibercept_oncologico
bevacizumab;Avastin;oncologicos;no_oral;bevacizumab
bevacizumab;Mvasi;oncologicos;no_oral;bevacizumab
bevacizumab;Zirabev;oncologicos;no_oral;bevacizumab
cetuximab;Erbitux;oncologicos;oral;cetuximab
dasatinib;Sprycel;oncologicos;oral;dasatinib
erlotinib;Tarceva;oncologicos;oral;erlotinib
imatinib;Glivec;oncologicos;oral;imatinib
nilotinib;Tasigna;oncologicos;oral;nilotinib
ramucirumab;Cyramza;oncologicos;no_oral;ramucirumab
sorafenib;Nexavar;oncologicos;oral;sorafenib
sunitinib;Sutent;oncologicos;oral;sunitinib
buprenorfina;Feliben;opioides;oral;buprenorfina
buprenorfina;Suboxone;opioides;oral;buprenorfina
buprenorfina;Transtec;opioides;oral;buprenorfina
fentanilo;Durogesic;opioides;no_oral;fentanilo_transdermico
hidromorfona;Jurnista;opioides;oral;hidromorfona
morfina;MST Continus;opioides;oral;morfina
morfina;Sevredol;opioides;oral;morfina
oxicodona;Oxycontin;opioides;oral;oxicodona
oxicodona;Oxynorm;opioides;oral;oxicodona
oxicodona;Targin;opioides;oral;oxicodona
tapentadol;Palexia;opioides;oral;tapentadol
tramadol;Adolonta;opioides;oral;tramadol
tramadol;Zaldiar;opioides;oral;tramadol
alprazolam;Trankimazin;psicofarmacos;oral;alprazolam
amitriptilina;Tryptizol;psicofarmacos;oral;amitriptilina
aripiprazol;Abilify;psicofarmacos;oral;aripiprazol
bromazepam;Lexatin;psicofarmacos;oral;bromazepam
bupropion;Elontril;psicofarmacos;oral;bupropion
citalopram;Seropram;psicofarmacos;oral;citalopram
clomipramina;Anafranil;psicofarmacos;oral;clomipramina
clonazepam;Rivotril;psicofarmacos;oral;clonazepam
clorazepato;Tranxilium;psicofarmacos;oral;clorazepato
clotiapina;Etumina;psicofarmacos;oral;clotiapina
clozapina;Leponex;psicofarmacos;oral;clozapina
desvenlafaxina;Pristiq;psicofarmacos;oral;desvenlafaxina
diazepam;Valium;psicofarmacos;oral;diazepam
duloxetina;Cymbalta;psicofarmacos;oral;duloxetina
duloxetina;Xeristar;psicofarmacos;oral;duloxetina
escitalopram;Cipralex;psicofarmacos;oral;escitalopram
escitalopram;Esertia;psicofarmacos;oral;escitalopram
fluoxetina;Adofen;psicofarmacos;oral;fluoxetina
fluoxetina;Prozac;psicofarmacos;oral;fluoxetina
fluvoxamina;Dumirox;psicofarmacos;oral;fluvoxamina
levodopa+carbidopa;Sinemet;psicofarmacos;oral;levodopa_carbidopa
litio;Plenur;psicofarmacos;oral;litio
lorazepam;Idalprem;psicofarmacos;oral;lorazepam
lorazepam;Orfidal;psicofarmacos;oral;lorazepam
lormetazepam;Noctamid;psicofarmacos;oral;lormetazepam
mirtazapina;Rexer;psicofarmacos;oral;mirtazapina
moclobemida;Manerix;psicofarmacos;oral;moclobemida
nortriptilina;Paxtibi;psicofarmacos;oral;nortriptilina
olanzapina;Zyprexa;psicofarmacos;oral;olanzapina
paliperidona;Invega;psicofarmacos;oral;paliperidona_oral
paliperidona;Xeplion;psicofarmacos;no_oral;paliperidona_inyectable
paroxetina;Motivan;psicofarmacos;oral;paroxetina
paroxetina;Seroxat;psicofarmacos;oral;paroxetina
quetiapina;Seroquel;psicofarmacos;oral;quetiapina
rasagilina;Azilect;psicofarmacos;oral;rasagilina
risperidona;Risperdal;psicofarmacos;oral;risperidona
safinamida;Xadago;psicofarmacos;oral;safinamida
selegilina;Plurimen;psicofarmacos;oral;selegilina
sertralina;Besitran;psicofarmacos;oral;sertralina
tranilcipromina;Parnate;psicofarmacos;oral;tranilcipromina
trazodona;Deprax;psicofarmacos;oral;trazodona
venlafaxina;Dobupal;psicofarmacos;oral;venlafaxina
venlafaxina;Vandral;psicofarmacos;oral;venlafaxina
vortioxetina;Brintellix;psicofarmacos;oral;vortioxetina
zolpidem;Dalparan;psicofarmacos;oral;zolpidem
zolpidem;Stilnox;psicofarmacos;oral;zolpidem
zopiclona;Limovan;psicofarmacos;oral;zopiclona
aclidinio;Eklira;respiratorio;no_oral;aclidinio
aclidinio+formoterol;Duaklir;respiratorio;no_oral;aclidinio_formoterol
beclometasona;Becloasma;respiratorio;no_oral;beclometasona
beclometasona+formoterol;Formodual;respiratorio;no_oral;beclometasona_formoterol
beclometasona+formoterol;Foster;respiratorio;no_oral;beclometasona_formoterol
beclometasona+formoterol+glicopirronio;Trimbow;respiratorio;no_oral;beclometasona_formoterol_glicopirronio
budesonida;Pulmicort;respiratorio;no_oral;budesonida
budesonida+formoterol;Rilast;respiratorio;no_oral;budesonida_formoterol
budesonida+formoterol;Symbicort;respiratorio;no_oral;budesonida_formoterol
fluticasona;Flixotide;respiratorio;no_oral;fluticasona_propionato
fluticasona;Flusonal;respiratorio;no_oral;fluticasona_propionato
fluticasona_furoato+umeclidinio+vilanterol;Trelegy;respiratorio;no_oral;fluticasona_furoato_umeclidinio_vilanterol
fluticasona_furoato+vilanterol;Relvar;respiratorio;no_oral;fluticasona_furoato_vilanterol
fluticasona+salmeterol;Anasma;respiratorio;no_oral;fluticasona_salmeterol
fluticasona+salmeterol;Inaladuo;respiratorio;no_oral;fluticasona_salmeterol
fluticasona+salmeterol;Plusvent;respiratorio;no_oral;fluticasona_salmeterol
fluticasona+salmeterol;Seretide;respiratorio;no_oral;fluticasona_salmeterol
formoterol;Foradil;respiratorio;no_oral;formoterol
formoterol;Oxis;respiratorio;no_oral;formoterol
glicopirronio;Seebri;respiratorio;no_oral;glicopirronio
glicopirronio+indacaterol;Ultibro;respiratorio;no_oral;glicopirronio_indacaterol
indacaterol;Onbrez;respiratorio;no_oral;indacaterol
ipratropio;Atrovent;respiratorio;no_oral;ipratropio
montelukast;Singulair;respiratorio;oral;montelukast
salbutamol;Buto-Asma;respiratorio;no_oral;salbutamol
salbutamol;Ventolin;respiratorio;no_oral;salbutamol
salmeterol;Beglan;respiratorio;no_oral;salmeterol
salmeterol;Inaspir;respiratorio;no_oral;salmeterol
salmeterol;Serevent;respiratorio;no_oral;salmeterol
terbutalina;Terbasmin;respiratorio;no_oral;terbutalina
tiotropio;Spiriva;respiratorio;no_oral;tiotropio
tiotropio+olodaterol;Spiolto;respiratorio;no_oral;tiotropio_olodaterol
umeclidinio;Incruse;respiratorio;no_oral;umeclidinio
umeclidinio+vilanterol;Anoro;respiratorio;no_oral;umeclidinio_vilanterol
alfuzosina;Benestan;urologia;oral;alfuzosina
doxazosina;Carduran;urologia;oral;doxazosina
silodosina;Silodyx;urologia;oral;silodosina
silodosina;Urorec;urologia;oral;silodosina
tamsulosina;Omnic;urologia;oral;tamsulosina
tamsulosina;Urolosin;urologia;oral;tamsulosina
